<?xml version="1.0" encoding="windows-1251"?>
<Mod_scripts>
                    <Portraits From="" To="" />
                    <Item1 From="{&#xD;&#xA;			&quot;name&quot;		&quot;Default Terrain&quot;&#xD;&#xA;			&quot;prefab&quot;		&quot;terrain&quot;&#xD;&#xA;			&quot;creation_date&quot;		&quot;2015-12-01&quot;&#xD;&#xA;			&quot;baseitem&quot;		&quot;1&quot;&#xD;&#xA;			&quot;image_inventory&quot;		&quot;econ/terrain/default_terrain&quot;&#xD;&#xA;			&quot;item_name&quot;		&quot;#DOTA_Item_Default_Terrain&quot;&#xD;&#xA;			&quot;visuals&quot;&#xD;&#xA;			{&#xD;&#xA;				&quot;asset_modifier0&quot;&#xD;&#xA;				{&#xD;&#xA;					&quot;type&quot;		&quot;portrait_background_map&quot;&#xD;&#xA;					&quot;asset&quot;		&quot;maps/terrain_previews/dota_default_preview.vmap&quot;&#xD;&#xA;					&quot;style&quot;		&quot;0&quot;&#xD;&#xA;				}&#xD;&#xA;				&quot;asset_modifier1&quot;&#xD;&#xA;				{&#xD;&#xA;					&quot;type&quot;		&quot;map_override&quot;&#xD;&#xA;					&quot;asset&quot;		&quot;maps/hero_demo_main.vmap&quot;&#xD;&#xA;					&quot;modifier&quot;		&quot;maps/hero_demo_main.vmap&quot;&#xD;&#xA;					&quot;style&quot;		&quot;0&quot;&#xD;&#xA;				}&#xD;&#xA;			}&#xD;&#xA;		}" To="{&#xD;&#xA;			&quot;name&quot;		&quot;Default Terrain&quot;&#xD;&#xA;			&quot;prefab&quot;		&quot;terrain&quot;&#xD;&#xA;			&quot;creation_date&quot;		&quot;2015-12-01&quot;&#xD;&#xA;			&quot;baseitem&quot;		&quot;1&quot;&#xD;&#xA;			&quot;image_inventory&quot;		&quot;econ/terrain/default_terrain&quot;&#xD;&#xA;			&quot;item_name&quot;		&quot;#DOTA_Item_Default_Terrain&quot;&#xD;&#xA;			&quot;visuals&quot;&#xD;&#xA;			{&#xD;&#xA;				&quot;asset_modifier0&quot;&#xD;&#xA;				{&#xD;&#xA;					&quot;type&quot;		&quot;map_override&quot;&#xD;&#xA;					&quot;asset&quot;		&quot;maps/dota.vmap&quot;&#xD;&#xA;					&quot;modifier&quot;		&quot;maps/dota_autumn.vmap&quot;&#xD;&#xA;					&quot;style&quot;		&quot;0&quot;&#xD;&#xA;				}&#xD;&#xA;				&quot;asset_modifier1&quot;&#xD;&#xA;				{&#xD;&#xA;					&quot;type&quot;		&quot;portrait_background_map&quot;&#xD;&#xA;					&quot;asset&quot;		&quot;maps/terrain_previews/dota_autumn_preview.vmap&quot;&#xD;&#xA;					&quot;style&quot;		&quot;0&quot;&#xD;&#xA;				}&#xD;&#xA;				&quot;asset_modifier4&quot;&#xD;&#xA;				{&#xD;&#xA;					&quot;type&quot;		&quot;soundscape&quot;&#xD;&#xA;					&quot;asset&quot;		&quot;default_day&quot;&#xD;&#xA;					&quot;modifier&quot;		&quot;autumn_day&quot;&#xD;&#xA;					&quot;style&quot;		&quot;0&quot;&#xD;&#xA;				}&#xD;&#xA;				&quot;asset_modifier5&quot;&#xD;&#xA;				{&#xD;&#xA;					&quot;type&quot;		&quot;soundscape&quot;&#xD;&#xA;					&quot;asset&quot;		&quot;default_night&quot;&#xD;&#xA;					&quot;modifier&quot;		&quot;autumn_night&quot;&#xD;&#xA;					&quot;style&quot;		&quot;0&quot;&#xD;&#xA;				}&#xD;&#xA;				&quot;asset_modifier2&quot;&#xD;&#xA;				{&#xD;&#xA;					&quot;type&quot;		&quot;weather_effect&quot;&#xD;&#xA;					&quot;asset&quot;		&quot;particles/rain_fx/autumn_terrain.vpcf&quot;&#xD;&#xA;					&quot;style&quot;		&quot;0&quot;&#xD;&#xA;				}&#xD;&#xA;			}&#xD;&#xA;		}" />
                    <Item2 From="" To="" />
                    <Item3 From="" To="" />
                    <Item4 From="" To="" />
                    <Item5 From="" To="" />
                    <Item6 From="" To="" />
                    <Item7 From="" To="" />
                    <Item8 From="" To="" />
                    <Item9 From="" To="" />
                    <Item10 From="" To="" />
</Mod_scripts>