<?xml version="1.0" encoding="windows-1251"?>
<Mod_scripts>
                    <Portraits From="" To="" />
                    <Item1 From="{&#xD;&#xA;			&quot;name&quot;		&quot;Default Weather&quot;&#xD;&#xA;			&quot;prefab&quot;		&quot;weather&quot;&#xD;&#xA;			&quot;creation_date&quot;		&quot;2015-08-26&quot;&#xD;&#xA;			&quot;image_inventory&quot;		&quot;econ/tools/weather_default&quot;&#xD;&#xA;			&quot;item_name&quot;		&quot;#DOTA_Item_Default_Weather&quot;&#xD;&#xA;			&quot;baseitem&quot;		&quot;1&quot;&#xD;&#xA;		}" To="{&#xD;&#xA;			&quot;name&quot;		&quot;Default Weather&quot;&#xD;&#xA;			&quot;prefab&quot;		&quot;weather&quot;&#xD;&#xA;			&quot;creation_date&quot;		&quot;2015-08-26&quot;&#xD;&#xA;			&quot;image_inventory&quot;		&quot;econ/tools/weather_default&quot;&#xD;&#xA;			&quot;item_name&quot;		&quot;#DOTA_Item_Default_Weather&quot;&#xD;&#xA;			&quot;baseitem&quot;		&quot;1&quot;&#xD;&#xA;			&quot;visuals&quot;&#xD;&#xA;			{&#xD;&#xA;				&quot;asset_modifier0&quot;&#xD;&#xA;				{&#xD;&#xA;					&quot;type&quot;		&quot;soundscape&quot;&#xD;&#xA;					&quot;asset&quot;		&quot;weather_day_default&quot;&#xD;&#xA;					&quot;modifier&quot;		&quot;weather_day_spring&quot;&#xD;&#xA;				}&#xD;&#xA;				&quot;asset_modifier1&quot;&#xD;&#xA;				{&#xD;&#xA;					&quot;type&quot;		&quot;soundscape&quot;&#xD;&#xA;					&quot;asset&quot;		&quot;weather_night_default&quot;&#xD;&#xA;					&quot;modifier&quot;		&quot;weather_night_spring&quot;&#xD;&#xA;				}&#xD;&#xA;				&quot;asset_modifier2&quot;&#xD;&#xA;				{&#xD;&#xA;					&quot;type&quot;		&quot;weather&quot;&#xD;&#xA;					&quot;weather_type&quot;		&quot;7&quot;&#xD;&#xA;				}&#xD;&#xA;			}&#xD;&#xA;		}" />
                    <Item2 From="" To="" />
                    <Item3 From="" To="" />
                    <Item4 From="" To="" />
                    <Item5 From="" To="" />
                    <Item6 From="" To="" />
                    <Item7 From="" To="" />
                    <Item8 From="" To="" />
                    <Item9 From="" To="" />
                    <Item10 From="" To="" />
</Mod_scripts>